probe_reflected,len_diff,has_text_diff,status_changed,resp_time_diff,resp_time_base,resp_time_probe,resp_length_base,resp_length_probe,has_sql_error_probe,has_sql_error_base,has_script_tag_probe,has_script_tag_base,page_url,request_url,form_method,payload_type,payload,security_level,label
0,542,1,0,-0.5194685459136963,0.5368783473968506,0.0174098014831542,5196,5738,1,1,1,1,http://127.0.0.1/dvwa/setup.php,http://127.0.0.1/dvwa/setup.php,POST,sqli,test' OR '1'='1,low,1
0,542,1,0,-0.5241577625274658,0.5368783473968506,0.0127205848693847,5196,5738,1,1,1,1,http://127.0.0.1/dvwa/setup.php,http://127.0.0.1/dvwa/setup.php,POST,sqli,' OR 1=1 -- ,low,1
0,542,1,0,-0.5219357013702393,0.5368783473968506,0.0149426460266113,5196,5738,1,1,1,1,http://127.0.0.1/dvwa/setup.php,http://127.0.0.1/dvwa/setup.php,POST,sqli,""" OR """"=""""",low,1
0,542,1,0,-0.5239667892456055,0.5368783473968506,0.0129115581512451,5196,5738,1,1,1,1,http://127.0.0.1/dvwa/setup.php,http://127.0.0.1/dvwa/setup.php,POST,xss,<script>alert(1)</script>,low,1
0,542,1,0,-0.5238912105560303,0.5368783473968506,0.0129871368408203,5196,5738,1,1,1,1,http://127.0.0.1/dvwa/setup.php,http://127.0.0.1/dvwa/setup.php,POST,xss,<img src=1 onerror=alert(1)>,low,1
0,542,1,0,-0.5233991146087646,0.5368783473968506,0.0134792327880859,5196,5738,1,1,1,1,http://127.0.0.1/dvwa/setup.php,http://127.0.0.1/dvwa/setup.php,POST,lfi,../../../../etc/passwd,low,1
0,6,0,0,-0.545581579208374,0.5482063293457031,0.0026247501373291,4253,4259,1,1,1,1,http://127.0.0.1/dvwa/vulnerabilities/brute/,http://127.0.0.1/dvwa/vulnerabilities/brute/,GET,sqli,test' OR '1'='1,low,1
0,6,0,0,-0.5460813045501709,0.5482063293457031,0.0021250247955322,4253,4259,1,1,1,1,http://127.0.0.1/dvwa/vulnerabilities/brute/,http://127.0.0.1/dvwa/vulnerabilities/brute/,GET,sqli,' OR 1=1 -- ,low,1
0,6,0,0,-0.5452346801757812,0.5482063293457031,0.0029716491699218,4253,4259,1,1,1,1,http://127.0.0.1/dvwa/vulnerabilities/brute/,http://127.0.0.1/dvwa/vulnerabilities/brute/,GET,sqli,""" OR """"=""""",low,1
0,6,0,0,-0.5463340282440186,0.5482063293457031,0.0018723011016845,4253,4259,1,1,1,1,http://127.0.0.1/dvwa/vulnerabilities/brute/,http://127.0.0.1/dvwa/vulnerabilities/brute/,GET,xss,<script>alert(1)</script>,low,1
0,6,0,0,-0.5464558601379395,0.5482063293457031,0.0017504692077636,4253,4259,1,1,1,1,http://127.0.0.1/dvwa/vulnerabilities/brute/,http://127.0.0.1/dvwa/vulnerabilities/brute/,GET,xss,<img src=1 onerror=alert(1)>,low,1
0,6,0,0,-0.5452530384063721,0.5482063293457031,0.002953290939331,4253,4259,1,1,1,1,http://127.0.0.1/dvwa/vulnerabilities/brute/,http://127.0.0.1/dvwa/vulnerabilities/brute/,GET,lfi,../../../../etc/passwd,low,1
0,9,0,0,-0.5325896739959717,0.5347409248352051,0.0021512508392333,5378,5387,1,1,1,1,http://127.0.0.1/dvwa/vulnerabilities/csrf/,http://127.0.0.1/dvwa/vulnerabilities/csrf/,GET,xss,<script>alert(1)</script>,low,1
0,9,0,0,-0.5331592559814453,0.5347409248352051,0.0015816688537597,5378,5387,1,1,1,1,http://127.0.0.1/dvwa/vulnerabilities/csrf/,http://127.0.0.1/dvwa/vulnerabilities/csrf/,GET,xss,<img src=1 onerror=alert(1)>,low,1
0,9,0,0,-0.5328640937805176,0.5347409248352051,0.0018768310546875,5378,5387,1,1,1,1,http://127.0.0.1/dvwa/vulnerabilities/csrf/,http://127.0.0.1/dvwa/vulnerabilities/csrf/,GET,lfi,../../../../etc/passwd,low,1
0,5,0,0,-0.5250279903411865,0.5266752243041992,0.0016472339630126,4030,4025,1,1,1,1,http://127.0.0.1/dvwa/vulnerabilities/upload/,http://127.0.0.1/dvwa/vulnerabilities/upload/,POST,sqli,test' OR '1'='1,low,1
0,5,0,0,-0.5239028930664062,0.5266752243041992,0.0027723312377929,4030,4025,1,1,1,1,http://127.0.0.1/dvwa/vulnerabilities/upload/,http://127.0.0.1/dvwa/vulnerabilities/upload/,POST,sqli,' OR 1=1 -- ,low,1
0,5,0,0,-0.5216784477233887,0.5266752243041992,0.0049967765808105,4030,4025,1,1,1,1,http://127.0.0.1/dvwa/vulnerabilities/upload/,http://127.0.0.1/dvwa/vulnerabilities/upload/,POST,sqli,""" OR """"=""""",low,1
0,5,0,0,-0.5251402854919434,0.5266752243041992,0.0015349388122558,4030,4025,1,1,1,1,http://127.0.0.1/dvwa/vulnerabilities/upload/,http://127.0.0.1/dvwa/vulnerabilities/upload/,POST,xss,<script>alert(1)</script>,low,1
0,5,0,0,-0.524547815322876,0.5266752243041992,0.0021274089813232,4030,4025,1,1,1,1,http://127.0.0.1/dvwa/vulnerabilities/upload/,http://127.0.0.1/dvwa/vulnerabilities/upload/,POST,xss,<img src=1 onerror=alert(1)>,low,1
0,5,0,0,-0.5248134136199951,0.5266752243041992,0.0018618106842041,4030,4025,1,1,1,1,http://127.0.0.1/dvwa/vulnerabilities/upload/,http://127.0.0.1/dvwa/vulnerabilities/upload/,POST,lfi,../../../../etc/passwd,low,1
0,16,1,1,-0.5307722091674805,0.533240556716919,0.0024683475494384,4189,4173,1,1,1,1,http://127.0.0.1/dvwa/vulnerabilities/sqli_blind/,http://127.0.0.1/dvwa/vulnerabilities/sqli_blind/,GET,sqli,test' OR '1'='1,low,1
0,16,1,1,-0.531242847442627,0.533240556716919,0.0019977092742919,4189,4173,1,1,1,1,http://127.0.0.1/dvwa/vulnerabilities/sqli_blind/,http://127.0.0.1/dvwa/vulnerabilities/sqli_blind/,GET,sqli,' OR 1=1 -- ,low,1
0,10,0,0,-0.5307018756866455,0.533240556716919,0.0025386810302734,4189,4179,1,1,1,1,http://127.0.0.1/dvwa/vulnerabilities/sqli_blind/,http://127.0.0.1/dvwa/vulnerabilities/sqli_blind/,GET,sqli,""" OR """"=""""",low,1
0,10,0,0,-0.5316293239593506,0.533240556716919,0.0016112327575683,4189,4179,1,1,1,1,http://127.0.0.1/dvwa/vulnerabilities/sqli_blind/,http://127.0.0.1/dvwa/vulnerabilities/sqli_blind/,GET,xss,<script>alert(1)</script>,low,1
0,10,0,0,-0.5317974090576172,0.533240556716919,0.0014431476593017,4189,4179,1,1,1,1,http://127.0.0.1/dvwa/vulnerabilities/sqli_blind/,http://127.0.0.1/dvwa/vulnerabilities/sqli_blind/,GET,xss,<img src=1 onerror=alert(1)>,low,1
0,10,0,0,-0.5305275917053223,0.533240556716919,0.0027129650115966,4189,4179,1,1,1,1,http://127.0.0.1/dvwa/vulnerabilities/sqli_blind/,http://127.0.0.1/dvwa/vulnerabilities/sqli_blind/,GET,lfi,../../../../etc/passwd,low,1
0,203,0,0,-0.5285720825195312,0.5300216674804688,0.0014495849609375,4815,4612,1,1,1,1,http://127.0.0.1/dvwa/vulnerabilities/xss_d/,http://127.0.0.1/dvwa/vulnerabilities/xss_d/,GET,sqli,test' OR '1'='1,low,1
0,203,0,0,-0.5274958610534668,0.5300216674804688,0.0025258064270019,4815,4612,1,1,1,1,http://127.0.0.1/dvwa/vulnerabilities/xss_d/,http://127.0.0.1/dvwa/vulnerabilities/xss_d/,GET,sqli,' OR 1=1 -- ,low,1
0,203,0,0,-0.5284147262573242,0.5300216674804688,0.0016069412231445,4815,4612,1,1,1,1,http://127.0.0.1/dvwa/vulnerabilities/xss_d/,http://127.0.0.1/dvwa/vulnerabilities/xss_d/,GET,sqli,""" OR """"=""""",low,1
0,203,0,0,-0.5284790992736816,0.5300216674804688,0.0015425682067871,4815,4612,1,1,1,1,http://127.0.0.1/dvwa/vulnerabilities/xss_d/,http://127.0.0.1/dvwa/vulnerabilities/xss_d/,GET,xss,<script>alert(1)</script>,low,1
0,203,0,0,-0.5284388065338135,0.5300216674804688,0.0015828609466552,4815,4612,1,1,1,1,http://127.0.0.1/dvwa/vulnerabilities/xss_d/,http://127.0.0.1/dvwa/vulnerabilities/xss_d/,GET,xss,<img src=1 onerror=alert(1)>,low,1
0,203,0,0,-0.5285260677337646,0.5300216674804688,0.0014955997467041,4815,4612,1,1,1,1,http://127.0.0.1/dvwa/vulnerabilities/xss_d/,http://127.0.0.1/dvwa/vulnerabilities/xss_d/,GET,lfi,../../../../etc/passwd,low,1
1,25,1,0,-0.5319786071777344,0.5333766937255859,0.0013980865478515,4273,4248,1,1,1,1,http://127.0.0.1/dvwa/vulnerabilities/xss_r/,http://127.0.0.1/dvwa/vulnerabilities/xss_r/,GET,sqli,test' OR '1'='1,low,1
1,28,1,0,-0.5318024158477783,0.5333766937255859,0.0015742778778076,4273,4245,1,1,1,1,http://127.0.0.1/dvwa/vulnerabilities/xss_r/,http://127.0.0.1/dvwa/vulnerabilities/xss_r/,GET,sqli,' OR 1=1 -- ,low,1
1,30,1,0,-0.5303955078125,0.5333766937255859,0.0029811859130859,4273,4243,1,1,1,1,http://127.0.0.1/dvwa/vulnerabilities/xss_r/,http://127.0.0.1/dvwa/vulnerabilities/xss_r/,GET,sqli,""" OR """"=""""",low,1
1,15,1,0,-0.5318098068237305,0.5333766937255859,0.0015668869018554,4273,4258,1,1,1,1,http://127.0.0.1/dvwa/vulnerabilities/xss_r/,http://127.0.0.1/dvwa/vulnerabilities/xss_r/,GET,xss,<script>alert(1)</script>,low,1
1,12,1,0,-0.5317039489746094,0.5333766937255859,0.0016727447509765,4273,4261,1,1,1,1,http://127.0.0.1/dvwa/vulnerabilities/xss_r/,http://127.0.0.1/dvwa/vulnerabilities/xss_r/,GET,xss,<img src=1 onerror=alert(1)>,low,1
1,18,1,0,-0.5314793586730957,0.5333766937255859,0.0018973350524902,4273,4255,1,1,1,1,http://127.0.0.1/dvwa/vulnerabilities/xss_r/,http://127.0.0.1/dvwa/vulnerabilities/xss_r/,GET,lfi,../../../../etc/passwd,low,1
1,61,1,0,-0.5266695022583008,0.5315639972686768,0.0048944950103759,4932,4871,1,1,1,1,http://127.0.0.1/dvwa/vulnerabilities/xss_s/,http://127.0.0.1/dvwa/vulnerabilities/xss_s/,POST,sqli,test' OR '1'='1,low,1
0,69,1,0,-0.5262022018432617,0.5315639972686768,0.005361795425415,4932,4863,1,1,1,1,http://127.0.0.1/dvwa/vulnerabilities/xss_s/,http://127.0.0.1/dvwa/vulnerabilities/xss_s/,POST,sqli,' OR 1=1 -- ,low,1
1,71,1,0,-0.5251257419586182,0.5315639972686768,0.0064382553100585,4932,4861,1,1,1,1,http://127.0.0.1/dvwa/vulnerabilities/xss_s/,http://127.0.0.1/dvwa/vulnerabilities/xss_s/,POST,sqli,""" OR """"=""""",low,1
1,41,1,0,-0.5275888442993164,0.5315639972686768,0.0039751529693603,4932,4891,1,1,1,1,http://127.0.0.1/dvwa/vulnerabilities/xss_s/,http://127.0.0.1/dvwa/vulnerabilities/xss_s/,POST,xss,<script>alert(1)</script>,low,1
1,35,1,0,-0.5265169143676758,0.5315639972686768,0.0050470829010009,4932,4897,1,1,1,1,http://127.0.0.1/dvwa/vulnerabilities/xss_s/,http://127.0.0.1/dvwa/vulnerabilities/xss_s/,POST,xss,<img src=1 onerror=alert(1)>,low,1
1,47,1,0,-0.5222115516662598,0.5315639972686768,0.0093524456024169,4932,4885,1,1,1,1,http://127.0.0.1/dvwa/vulnerabilities/xss_s/,http://127.0.0.1/dvwa/vulnerabilities/xss_s/,POST,lfi,../../../../etc/passwd,low,1
1,34,1,0,-0.5180878639221191,0.5232868194580078,0.0051989555358886,4207,4173,1,1,1,1,http://127.0.0.1/dvwa/vulnerabilities/csp/,http://127.0.0.1/dvwa/vulnerabilities/csp/,POST,sqli,test' OR '1'='1,low,1
1,37,1,0,-0.5217609405517578,0.5232868194580078,0.00152587890625,4207,4170,1,1,1,1,http://127.0.0.1/dvwa/vulnerabilities/csp/,http://127.0.0.1/dvwa/vulnerabilities/csp/,POST,sqli,' OR 1=1 -- ,low,1
1,39,1,0,-0.5214574337005615,0.5232868194580078,0.0018293857574462,4207,4168,1,1,1,1,http://127.0.0.1/dvwa/vulnerabilities/csp/,http://127.0.0.1/dvwa/vulnerabilities/csp/,POST,sqli,""" OR """"=""""",low,1
1,24,1,0,-0.5210070610046387,0.5232868194580078,0.0022797584533691,4207,4183,1,1,1,1,http://127.0.0.1/dvwa/vulnerabilities/csp/,http://127.0.0.1/dvwa/vulnerabilities/csp/,POST,xss,<script>alert(1)</script>,low,1
1,21,1,0,-0.5218408107757568,0.5232868194580078,0.0014460086822509,4207,4186,1,1,1,1,http://127.0.0.1/dvwa/vulnerabilities/csp/,http://127.0.0.1/dvwa/vulnerabilities/csp/,POST,xss,<img src=1 onerror=alert(1)>,low,1
1,27,1,0,-0.5210356712341309,0.5232868194580078,0.0022511482238769,4207,4180,1,1,1,1,http://127.0.0.1/dvwa/vulnerabilities/csp/,http://127.0.0.1/dvwa/vulnerabilities/csp/,POST,lfi,../../../../etc/passwd,low,1
0,90,0,0,-0.5227928161621094,0.524376630783081,0.0015838146209716,8411,8321,1,1,1,1,http://127.0.0.1/dvwa/vulnerabilities/javascript/,http://127.0.0.1/dvwa/vulnerabilities/javascript/,POST,sqli,test' OR '1'='1,low,1
0,90,0,0,-0.5228061676025391,0.524376630783081,0.0015704631805419,8411,8321,1,1,1,1,http://127.0.0.1/dvwa/vulnerabilities/javascript/,http://127.0.0.1/dvwa/vulnerabilities/javascript/,POST,sqli,' OR 1=1 -- ,low,1
0,90,0,0,-0.5226209163665771,0.524376630783081,0.0017557144165039,8411,8321,1,1,1,1,http://127.0.0.1/dvwa/vulnerabilities/javascript/,http://127.0.0.1/dvwa/vulnerabilities/javascript/,POST,sqli,""" OR """"=""""",low,1
0,90,0,0,-0.5218372344970703,0.524376630783081,0.0025393962860107,8411,8321,1,1,1,1,http://127.0.0.1/dvwa/vulnerabilities/javascript/,http://127.0.0.1/dvwa/vulnerabilities/javascript/,POST,xss,<script>alert(1)</script>,low,1
0,90,0,0,-0.5224213600158691,0.524376630783081,0.0019552707672119,8411,8321,1,1,1,1,http://127.0.0.1/dvwa/vulnerabilities/javascript/,http://127.0.0.1/dvwa/vulnerabilities/javascript/,POST,xss,<img src=1 onerror=alert(1)>,low,1
0,90,0,0,-0.5225255489349365,0.524376630783081,0.0018510818481445,8411,8321,1,1,1,1,http://127.0.0.1/dvwa/vulnerabilities/javascript/,http://127.0.0.1/dvwa/vulnerabilities/javascript/,POST,lfi,../../../../etc/passwd,low,1
0,73,1,0,-0.5380973815917969,0.5400471687316895,0.0019497871398925,4517,4590,1,1,1,1,http://127.0.0.1/dvwa/security.php,http://127.0.0.1/dvwa/security.php,POST,sqli,test' OR '1'='1,low,1
0,73,1,0,-0.5372762680053711,0.5400471687316895,0.0027709007263183,4517,4590,1,1,1,1,http://127.0.0.1/dvwa/security.php,http://127.0.0.1/dvwa/security.php,POST,sqli,' OR 1=1 -- ,low,1
0,73,1,0,-0.5379266738891602,0.5400471687316895,0.0021204948425292,4517,4590,1,1,1,1,http://127.0.0.1/dvwa/security.php,http://127.0.0.1/dvwa/security.php,POST,sqli,""" OR """"=""""",low,1
0,73,1,0,-0.5381944179534912,0.5400471687316895,0.0018527507781982,4517,4590,1,1,1,1,http://127.0.0.1/dvwa/security.php,http://127.0.0.1/dvwa/security.php,POST,xss,<script>alert(1)</script>,low,1
0,73,1,0,-0.5374937057495117,0.5400471687316895,0.0025534629821777,4517,4590,1,1,1,1,http://127.0.0.1/dvwa/security.php,http://127.0.0.1/dvwa/security.php,POST,xss,<img src=1 onerror=alert(1)>,low,1
0,73,1,0,-0.5367817878723145,0.5400471687316895,0.003265380859375,4517,4590,1,1,1,1,http://127.0.0.1/dvwa/security.php,http://127.0.0.1/dvwa/security.php,POST,lfi,../../../../etc/passwd,low,1
0,110,1,0,-0.5985453128814697,0.6028563976287842,0.0043110847473144,1324,1434,0,0,0,0,http://127.0.0.1/dvwa/logout.php,http://127.0.0.1/dvwa/login.php,POST,sqli,test' OR '1'='1,low,1
0,110,1,0,-0.6000604629516602,0.6028563976287842,0.002795934677124,1324,1434,0,0,0,0,http://127.0.0.1/dvwa/logout.php,http://127.0.0.1/dvwa/login.php,POST,sqli,' OR 1=1 -- ,low,1
0,110,1,0,-0.5988616943359375,0.6028563976287842,0.0039947032928466,1324,1434,0,0,0,0,http://127.0.0.1/dvwa/logout.php,http://127.0.0.1/dvwa/login.php,POST,sqli,""" OR """"=""""",low,1
0,110,1,0,-0.599712610244751,0.6028563976287842,0.0031437873840332,1324,1434,0,0,0,0,http://127.0.0.1/dvwa/logout.php,http://127.0.0.1/dvwa/login.php,POST,xss,<script>alert(1)</script>,low,0
0,110,1,0,-0.600196123123169,0.6028563976287842,0.0026602745056152,1324,1434,0,0,0,0,http://127.0.0.1/dvwa/logout.php,http://127.0.0.1/dvwa/login.php,POST,xss,<img src=1 onerror=alert(1)>,low,0
0,110,1,0,-0.5993692874908447,0.6028563976287842,0.0034871101379394,1324,1434,0,0,0,0,http://127.0.0.1/dvwa/logout.php,http://127.0.0.1/dvwa/login.php,POST,lfi,../../../../etc/passwd,low,1
0,625,1,0,-0.5242753028869629,0.5332088470458984,0.0089335441589355,5120,5745,1,1,1,1,http://127.0.0.1/dvwa/setup.php,http://127.0.0.1/dvwa/setup.php,POST,sqli,test' OR '1'='1,medium,1
0,625,1,0,-0.5243217945098877,0.5332088470458984,0.0088870525360107,5120,5745,1,1,1,1,http://127.0.0.1/dvwa/setup.php,http://127.0.0.1/dvwa/setup.php,POST,sqli,' OR 1=1 -- ,medium,1
0,625,1,0,-0.5218241214752197,0.5332088470458984,0.0113847255706787,5120,5745,1,1,1,1,http://127.0.0.1/dvwa/setup.php,http://127.0.0.1/dvwa/setup.php,POST,sqli,""" OR """"=""""",medium,1
0,625,1,0,-0.5204839706420898,0.5332088470458984,0.0127248764038085,5120,5745,1,1,1,1,http://127.0.0.1/dvwa/setup.php,http://127.0.0.1/dvwa/setup.php,POST,xss,<script>alert(1)</script>,medium,1
0,625,1,0,-0.5217936038970947,0.5332088470458984,0.0114152431488037,5120,5745,1,1,1,1,http://127.0.0.1/dvwa/setup.php,http://127.0.0.1/dvwa/setup.php,POST,xss,<img src=1 onerror=alert(1)>,medium,1
0,625,1,0,-0.522167444229126,0.5332088470458984,0.0110414028167724,5120,5745,1,1,1,1,http://127.0.0.1/dvwa/setup.php,http://127.0.0.1/dvwa/setup.php,POST,lfi,../../../../etc/passwd,medium,1
0,137,1,0,-0.5260801315307617,0.5291533470153809,0.0030732154846191,4177,4314,1,1,1,1,http://127.0.0.1/dvwa/vulnerabilities/brute/,http://127.0.0.1/dvwa/vulnerabilities/brute/,GET,sqli,test' OR '1'='1,medium,1
0,137,1,0,-0.5263237953186035,0.5291533470153809,0.0028295516967773,4177,4314,1,1,1,1,http://127.0.0.1/dvwa/vulnerabilities/brute/,http://127.0.0.1/dvwa/vulnerabilities/brute/,GET,sqli,' OR 1=1 -- ,medium,1
0,137,1,0,-0.5237276554107666,0.5291533470153809,0.0054256916046142,4177,4314,1,1,1,1,http://127.0.0.1/dvwa/vulnerabilities/brute/,http://127.0.0.1/dvwa/vulnerabilities/brute/,GET,sqli,""" OR """"=""""",medium,1
0,137,1,0,-0.5264127254486084,0.5291533470153809,0.0027406215667724,4177,4314,1,1,1,1,http://127.0.0.1/dvwa/vulnerabilities/brute/,http://127.0.0.1/dvwa/vulnerabilities/brute/,GET,xss,<script>alert(1)</script>,medium,1
0,137,1,0,-0.5275931358337402,0.5291533470153809,0.0015602111816406,4177,4314,1,1,1,1,http://127.0.0.1/dvwa/vulnerabilities/brute/,http://127.0.0.1/dvwa/vulnerabilities/brute/,GET,xss,<img src=1 onerror=alert(1)>,medium,1
0,137,1,0,-0.5270769596099854,0.5291533470153809,0.0020763874053955,4177,4314,1,1,1,1,http://127.0.0.1/dvwa/vulnerabilities/brute/,http://127.0.0.1/dvwa/vulnerabilities/brute/,GET,lfi,../../../../etc/passwd,medium,1
0,175,1,0,-0.5299570560455322,0.5322842597961426,0.0023272037506103,4073,4248,1,1,1,1,http://127.0.0.1/dvwa/vulnerabilities/exec/,http://127.0.0.1/dvwa/vulnerabilities/exec/,POST,sqli,test' OR '1'='1,medium,1
0,175,1,0,-0.5291769504547119,0.5322842597961426,0.0031073093414306,4073,4248,1,1,1,1,http://127.0.0.1/dvwa/vulnerabilities/exec/,http://127.0.0.1/dvwa/vulnerabilities/exec/,POST,sqli,' OR 1=1 -- ,medium,1
0,175,1,0,-0.5305216312408447,0.5322842597961426,0.0017626285552978,4073,4248,1,1,1,1,http://127.0.0.1/dvwa/vulnerabilities/exec/,http://127.0.0.1/dvwa/vulnerabilities/exec/,POST,sqli,""" OR """"=""""",medium,1
0,175,1,0,-0.5309040546417236,0.5322842597961426,0.0013802051544189,4073,4248,1,1,1,1,http://127.0.0.1/dvwa/vulnerabilities/exec/,http://127.0.0.1/dvwa/vulnerabilities/exec/,POST,xss,<script>alert(1)</script>,medium,1
0,175,1,0,-0.5303406715393066,0.5322842597961426,0.0019435882568359,4073,4248,1,1,1,1,http://127.0.0.1/dvwa/vulnerabilities/exec/,http://127.0.0.1/dvwa/vulnerabilities/exec/,POST,xss,<img src=1 onerror=alert(1)>,medium,1
0,175,1,0,-0.5306813716888428,0.5322842597961426,0.0016028881072998,4073,4248,1,1,1,1,http://127.0.0.1/dvwa/vulnerabilities/exec/,http://127.0.0.1/dvwa/vulnerabilities/exec/,POST,lfi,../../../../etc/passwd,medium,1
0,333,1,0,-0.527808666229248,0.5295441150665283,0.0017354488372802,5302,5635,1,1,1,1,http://127.0.0.1/dvwa/vulnerabilities/csrf/,http://127.0.0.1/dvwa/vulnerabilities/csrf/,GET,sqli,test' OR '1'='1,medium,1
0,333,1,0,-0.5278820991516113,0.5295441150665283,0.0016620159149169,5302,5635,1,1,1,1,http://127.0.0.1/dvwa/vulnerabilities/csrf/,http://127.0.0.1/dvwa/vulnerabilities/csrf/,GET,sqli,' OR 1=1 -- ,medium,1
0,333,1,0,-0.5274617671966553,0.5295441150665283,0.002082347869873,5302,5635,1,1,1,1,http://127.0.0.1/dvwa/vulnerabilities/csrf/,http://127.0.0.1/dvwa/vulnerabilities/csrf/,GET,sqli,""" OR """"=""""",medium,1
0,333,1,0,-0.5277392864227295,0.5295441150665283,0.0018048286437988,5302,5635,1,1,1,1,http://127.0.0.1/dvwa/vulnerabilities/csrf/,http://127.0.0.1/dvwa/vulnerabilities/csrf/,GET,xss,<script>alert(1)</script>,medium,1
0,333,1,0,-0.5273501873016357,0.5295441150665283,0.0021939277648925,5302,5635,1,1,1,1,http://127.0.0.1/dvwa/vulnerabilities/csrf/,http://127.0.0.1/dvwa/vulnerabilities/csrf/,GET,xss,<img src=1 onerror=alert(1)>,medium,1
0,333,1,0,-0.5267837047576904,0.5295441150665283,0.0027604103088378,5302,5635,1,1,1,1,http://127.0.0.1/dvwa/vulnerabilities/csrf/,http://127.0.0.1/dvwa/vulnerabilities/csrf/,GET,lfi,../../../../etc/passwd,medium,1
0,216,1,0,-0.5241374969482422,0.5266547203063965,0.0025172233581542,3954,4170,1,1,1,1,http://127.0.0.1/dvwa/vulnerabilities/upload/,http://127.0.0.1/dvwa/vulnerabilities/upload/,POST,sqli,test' OR '1'='1,medium,1
0,216,1,0,-0.5250675678253174,0.5266547203063965,0.0015871524810791,3954,4170,1,1,1,1,http://127.0.0.1/dvwa/vulnerabilities/upload/,http://127.0.0.1/dvwa/vulnerabilities/upload/,POST,sqli,' OR 1=1 -- ,medium,1
0,216,1,0,-0.5252492427825928,0.5266547203063965,0.0014054775238037,3954,4170,1,1,1,1,http://127.0.0.1/dvwa/vulnerabilities/upload/,http://127.0.0.1/dvwa/vulnerabilities/upload/,POST,sqli,""" OR """"=""""",medium,1
0,216,1,0,-0.5245146751403809,0.5266547203063965,0.0021400451660156,3954,4170,1,1,1,1,http://127.0.0.1/dvwa/vulnerabilities/upload/,http://127.0.0.1/dvwa/vulnerabilities/upload/,POST,xss,<script>alert(1)</script>,medium,1
0,216,1,0,-0.5251560211181641,0.5266547203063965,0.0014986991882324,3954,4170,1,1,1,1,http://127.0.0.1/dvwa/vulnerabilities/upload/,http://127.0.0.1/dvwa/vulnerabilities/upload/,POST,xss,<img src=1 onerror=alert(1)>,medium,1
0,216,1,0,-0.5232841968536377,0.5266547203063965,0.0033705234527587,3954,4170,1,1,1,1,http://127.0.0.1/dvwa/vulnerabilities/upload/,http://127.0.0.1/dvwa/vulnerabilities/upload/,POST,lfi,../../../../etc/passwd,medium,1
0,5,1,0,-0.5314726829528809,0.5339920520782471,0.0025193691253662,4242,4237,1,1,1,1,http://127.0.0.1/dvwa/vulnerabilities/sqli_blind/,http://127.0.0.1/dvwa/vulnerabilities/sqli_blind/,POST,sqli,test' OR '1'='1,medium,1
0,5,1,0,-0.5324366092681885,0.5339920520782471,0.0015554428100585,4242,4237,1,1,1,1,http://127.0.0.1/dvwa/vulnerabilities/sqli_blind/,http://127.0.0.1/dvwa/vulnerabilities/sqli_blind/,POST,sqli,' OR 1=1 -- ,medium,1
0,5,1,0,-0.5324585437774658,0.5339920520782471,0.0015335083007812,4242,4237,1,1,1,1,http://127.0.0.1/dvwa/vulnerabilities/sqli_blind/,http://127.0.0.1/dvwa/vulnerabilities/sqli_blind/,POST,sqli,""" OR """"=""""",medium,1
0,5,1,0,-0.5319774150848389,0.5339920520782471,0.0020146369934082,4242,4237,1,1,1,1,http://127.0.0.1/dvwa/vulnerabilities/sqli_blind/,http://127.0.0.1/dvwa/vulnerabilities/sqli_blind/,POST,xss,<script>alert(1)</script>,medium,1
0,5,1,0,-0.5316236019134521,0.5339920520782471,0.0023684501647949,4242,4237,1,1,1,1,http://127.0.0.1/dvwa/vulnerabilities/sqli_blind/,http://127.0.0.1/dvwa/vulnerabilities/sqli_blind/,POST,xss,<img src=1 onerror=alert(1)>,medium,1
0,5,1,0,-0.5325436592102051,0.5339920520782471,0.0014483928680419,4242,4237,1,1,1,1,http://127.0.0.1/dvwa/vulnerabilities/sqli_blind/,http://127.0.0.1/dvwa/vulnerabilities/sqli_blind/,POST,lfi,../../../../etc/passwd,medium,1
0,115,0,0,-0.5247611999511719,0.5266673564910889,0.0019061565399169,4739,4624,1,1,1,1,http://127.0.0.1/dvwa/vulnerabilities/xss_d/,http://127.0.0.1/dvwa/vulnerabilities/xss_d/,GET,sqli,test' OR '1'='1,medium,1
0,115,0,0,-0.5250811576843262,0.5266673564910889,0.0015861988067626,4739,4624,1,1,1,1,http://127.0.0.1/dvwa/vulnerabilities/xss_d/,http://127.0.0.1/dvwa/vulnerabilities/xss_d/,GET,sqli,' OR 1=1 -- ,medium,1
0,115,0,0,-0.5252652168273926,0.5266673564910889,0.0014021396636962,4739,4624,1,1,1,1,http://127.0.0.1/dvwa/vulnerabilities/xss_d/,http://127.0.0.1/dvwa/vulnerabilities/xss_d/,GET,sqli,""" OR """"=""""",medium,1
0,115,0,0,-0.5247824192047119,0.5266673564910889,0.0018849372863769,4739,4624,1,1,1,1,http://127.0.0.1/dvwa/vulnerabilities/xss_d/,http://127.0.0.1/dvwa/vulnerabilities/xss_d/,GET,xss,<script>alert(1)</script>,medium,1
0,115,0,0,-0.5247671604156494,0.5266673564910889,0.0019001960754394,4739,4624,1,1,1,1,http://127.0.0.1/dvwa/vulnerabilities/xss_d/,http://127.0.0.1/dvwa/vulnerabilities/xss_d/,GET,xss,<img src=1 onerror=alert(1)>,medium,1
0,115,0,0,-0.5249156951904297,0.5266673564910889,0.0017516613006591,4739,4624,1,1,1,1,http://127.0.0.1/dvwa/vulnerabilities/xss_d/,http://127.0.0.1/dvwa/vulnerabilities/xss_d/,GET,lfi,../../../../etc/passwd,medium,1
0,177,1,0,-0.5220181941986084,0.5238573551177979,0.0018391609191894,4197,4374,1,1,1,1,http://127.0.0.1/dvwa/vulnerabilities/xss_r/,http://127.0.0.1/dvwa/vulnerabilities/xss_r/,GET,sqli,test' OR '1'='1,medium,1
0,159,1,0,-0.5221502780914307,0.5238573551177979,0.0017070770263671,4197,4356,1,1,1,1,http://127.0.0.1/dvwa/vulnerabilities/xss_r/,http://127.0.0.1/dvwa/vulnerabilities/xss_r/,GET,sqli,' OR 1=1 -- ,medium,1
0,177,1,0,-0.5215790271759033,0.5238573551177979,0.0022783279418945,4197,4374,1,1,1,1,http://127.0.0.1/dvwa/vulnerabilities/xss_r/,http://127.0.0.1/dvwa/vulnerabilities/xss_r/,GET,sqli,""" OR """"=""""",medium,1
0,179,1,0,-0.522022008895874,0.5238573551177979,0.0018353462219238,4197,4376,1,1,1,1,http://127.0.0.1/dvwa/vulnerabilities/xss_r/,http://127.0.0.1/dvwa/vulnerabilities/xss_r/,GET,xss,<script>alert(1)</script>,medium,1
0,176,1,0,-0.5222430229187012,0.5238573551177979,0.0016143321990966,4197,4373,1,1,1,1,http://127.0.0.1/dvwa/vulnerabilities/xss_r/,http://127.0.0.1/dvwa/vulnerabilities/xss_r/,GET,xss,<img src=1 onerror=alert(1)>,medium,1
1,164,1,0,-0.5212950706481934,0.5238573551177979,0.0025622844696044,4197,4361,1,1,1,1,http://127.0.0.1/dvwa/vulnerabilities/xss_r/,http://127.0.0.1/dvwa/vulnerabilities/xss_r/,GET,lfi,../../../../etc/passwd,medium,1
0,201,1,0,-0.5225186347961426,0.5270178318023682,0.0044991970062255,4856,5057,1,1,1,1,http://127.0.0.1/dvwa/vulnerabilities/xss_s/,http://127.0.0.1/dvwa/vulnerabilities/xss_s/,POST,sqli,test' OR '1'='1,medium,1
0,133,1,0,-0.5232884883880615,0.5270178318023682,0.0037293434143066,4856,4989,1,1,1,1,http://127.0.0.1/dvwa/vulnerabilities/xss_s/,http://127.0.0.1/dvwa/vulnerabilities/xss_s/,POST,sqli,' OR 1=1 -- ,medium,1
0,211,1,0,-0.5228750705718994,0.5270178318023682,0.0041427612304687,4856,5067,1,1,1,1,http://127.0.0.1/dvwa/vulnerabilities/xss_s/,http://127.0.0.1/dvwa/vulnerabilities/xss_s/,POST,sqli,""" OR """"=""""",medium,1
0,197,1,0,-0.523339033126831,0.5270178318023682,0.0036787986755371,4856,5053,1,1,1,1,http://127.0.0.1/dvwa/vulnerabilities/xss_s/,http://127.0.0.1/dvwa/vulnerabilities/xss_s/,POST,xss,<script>alert(1)</script>,medium,1
0,175,1,0,-0.5227041244506836,0.5270178318023682,0.0043137073516845,4856,5031,1,1,1,1,http://127.0.0.1/dvwa/vulnerabilities/xss_s/,http://127.0.0.1/dvwa/vulnerabilities/xss_s/,POST,xss,<img src=1 onerror=alert(1)>,medium,1
1,135,1,0,-0.5220191478729248,0.5270178318023682,0.0049986839294433,4856,4991,1,1,1,1,http://127.0.0.1/dvwa/vulnerabilities/xss_s/,http://127.0.0.1/dvwa/vulnerabilities/xss_s/,POST,lfi,../../../../etc/passwd,medium,1
1,184,1,0,-0.5220396518707275,0.5243265628814697,0.0022869110107421,4119,4303,1,1,1,1,http://127.0.0.1/dvwa/vulnerabilities/csp/,http://127.0.0.1/dvwa/vulnerabilities/csp/,POST,sqli,test' OR '1'='1,medium,1
1,181,1,0,-0.5223698616027832,0.5243265628814697,0.0019567012786865,4119,4300,1,1,1,1,http://127.0.0.1/dvwa/vulnerabilities/csp/,http://127.0.0.1/dvwa/vulnerabilities/csp/,POST,sqli,' OR 1=1 -- ,medium,1
1,179,1,0,-0.5225374698638916,0.5243265628814697,0.0017890930175781,4119,4298,1,1,1,1,http://127.0.0.1/dvwa/vulnerabilities/csp/,http://127.0.0.1/dvwa/vulnerabilities/csp/,POST,sqli,""" OR """"=""""",medium,1
1,194,1,0,-0.5226690769195557,0.5243265628814697,0.001657485961914,4119,4313,1,1,1,1,http://127.0.0.1/dvwa/vulnerabilities/csp/,http://127.0.0.1/dvwa/vulnerabilities/csp/,POST,xss,<script>alert(1)</script>,medium,1
1,197,1,0,-0.5207457542419434,0.5243265628814697,0.0035808086395263,4119,4316,1,1,1,1,http://127.0.0.1/dvwa/vulnerabilities/csp/,http://127.0.0.1/dvwa/vulnerabilities/csp/,POST,xss,<img src=1 onerror=alert(1)>,medium,1
1,191,1,0,-0.5227432250976562,0.5243265628814697,0.0015833377838134,4119,4310,1,1,1,1,http://127.0.0.1/dvwa/vulnerabilities/csp/,http://127.0.0.1/dvwa/vulnerabilities/csp/,POST,lfi,../../../../etc/passwd,medium,1
0,257,0,0,-0.5390374660491943,0.5404069423675537,0.0013694763183593,4247,3990,1,1,1,1,http://127.0.0.1/dvwa/vulnerabilities/javascript/,http://127.0.0.1/dvwa/vulnerabilities/javascript/,POST,sqli,test' OR '1'='1,medium,1
0,257,0,0,-0.5387358665466309,0.5404069423675537,0.0016710758209228,4247,3990,1,1,1,1,http://127.0.0.1/dvwa/vulnerabilities/javascript/,http://127.0.0.1/dvwa/vulnerabilities/javascript/,POST,sqli,' OR 1=1 -- ,medium,1
0,257,0,0,-0.5360102653503418,0.5404069423675537,0.0043966770172119,4247,3990,1,1,1,1,http://127.0.0.1/dvwa/vulnerabilities/javascript/,http://127.0.0.1/dvwa/vulnerabilities/javascript/,POST,sqli,""" OR """"=""""",medium,1
0,257,0,0,-0.5385489463806152,0.5404069423675537,0.0018579959869384,4247,3990,1,1,1,1,http://127.0.0.1/dvwa/vulnerabilities/javascript/,http://127.0.0.1/dvwa/vulnerabilities/javascript/,POST,xss,<script>alert(1)</script>,medium,1
0,257,0,0,-0.5389175415039062,0.5404069423675537,0.0014894008636474,4247,3990,1,1,1,1,http://127.0.0.1/dvwa/vulnerabilities/javascript/,http://127.0.0.1/dvwa/vulnerabilities/javascript/,POST,xss,<img src=1 onerror=alert(1)>,medium,1
0,257,0,0,-0.5386343002319336,0.5404069423675537,0.0017726421356201,4247,3990,1,1,1,1,http://127.0.0.1/dvwa/vulnerabilities/javascript/,http://127.0.0.1/dvwa/vulnerabilities/javascript/,POST,lfi,../../../../etc/passwd,medium,1
0,146,1,0,-0.5291948318481445,0.5309712886810303,0.0017764568328857,4444,4590,1,1,1,1,http://127.0.0.1/dvwa/security.php,http://127.0.0.1/dvwa/security.php,POST,sqli,test' OR '1'='1,medium,1
0,146,1,0,-0.5282895565032959,0.5309712886810303,0.0026817321777343,4444,4590,1,1,1,1,http://127.0.0.1/dvwa/security.php,http://127.0.0.1/dvwa/security.php,POST,sqli,' OR 1=1 -- ,medium,1
0,146,1,0,-0.527524471282959,0.5309712886810303,0.0034468173980712,4444,4590,1,1,1,1,http://127.0.0.1/dvwa/security.php,http://127.0.0.1/dvwa/security.php,POST,sqli,""" OR """"=""""",medium,1
0,146,1,0,-0.5287456512451172,0.5309712886810303,0.002225637435913,4444,4590,1,1,1,1,http://127.0.0.1/dvwa/security.php,http://127.0.0.1/dvwa/security.php,POST,xss,<script>alert(1)</script>,medium,1
0,146,1,0,-0.5292353630065918,0.5309712886810303,0.0017359256744384,4444,4590,1,1,1,1,http://127.0.0.1/dvwa/security.php,http://127.0.0.1/dvwa/security.php,POST,xss,<img src=1 onerror=alert(1)>,medium,1
0,146,1,0,-0.528883695602417,0.5309712886810303,0.0020875930786132,4444,4590,1,1,1,1,http://127.0.0.1/dvwa/security.php,http://127.0.0.1/dvwa/security.php,POST,lfi,../../../../etc/passwd,medium,1
0,110,1,0,-0.5432374477386475,0.5470860004425049,0.0038485527038574,1324,1434,0,0,0,0,http://127.0.0.1/dvwa/logout.php,http://127.0.0.1/dvwa/login.php,POST,sqli,test' OR '1'='1,medium,1
0,110,1,0,-0.5411515235900879,0.5470860004425049,0.0059344768524169,1324,1434,0,0,0,0,http://127.0.0.1/dvwa/logout.php,http://127.0.0.1/dvwa/login.php,POST,sqli,' OR 1=1 -- ,medium,1
0,110,1,0,-0.5431241989135742,0.5470860004425049,0.0039618015289306,1324,1434,0,0,0,0,http://127.0.0.1/dvwa/logout.php,http://127.0.0.1/dvwa/login.php,POST,sqli,""" OR """"=""""",medium,1
0,110,1,0,-0.5443253517150879,0.5470860004425049,0.0027606487274169,1324,1434,0,0,0,0,http://127.0.0.1/dvwa/logout.php,http://127.0.0.1/dvwa/login.php,POST,xss,<script>alert(1)</script>,medium,0
0,110,1,0,-0.5439035892486572,0.5470860004425049,0.0031824111938476,1324,1434,0,0,0,0,http://127.0.0.1/dvwa/logout.php,http://127.0.0.1/dvwa/login.php,POST,xss,<img src=1 onerror=alert(1)>,medium,0
0,110,1,0,-0.5430593490600586,0.5470860004425049,0.0040266513824462,1324,1434,0,0,0,0,http://127.0.0.1/dvwa/logout.php,http://127.0.0.1/dvwa/login.php,POST,lfi,../../../../etc/passwd,medium,1
0,627,1,0,-0.5214471817016602,0.5299177169799805,0.0084705352783203,5118,5745,1,1,1,1,http://127.0.0.1/dvwa/setup.php,http://127.0.0.1/dvwa/setup.php,POST,sqli,test' OR '1'='1,high,0
0,627,1,0,-0.5203230381011963,0.5299177169799805,0.0095946788787841,5118,5745,1,1,1,1,http://127.0.0.1/dvwa/setup.php,http://127.0.0.1/dvwa/setup.php,POST,sqli,' OR 1=1 -- ,high,0
0,627,1,0,-0.5213732719421387,0.5299177169799805,0.0085444450378417,5118,5745,1,1,1,1,http://127.0.0.1/dvwa/setup.php,http://127.0.0.1/dvwa/setup.php,POST,sqli,""" OR """"=""""",high,0
0,627,1,0,-0.5213601589202881,0.5299177169799805,0.0085575580596923,5118,5745,1,1,1,1,http://127.0.0.1/dvwa/setup.php,http://127.0.0.1/dvwa/setup.php,POST,xss,<script>alert(1)</script>,high,0
0,627,1,0,-0.5191235542297363,0.5299177169799805,0.0107941627502441,5118,5745,1,1,1,1,http://127.0.0.1/dvwa/setup.php,http://127.0.0.1/dvwa/setup.php,POST,xss,<img src=1 onerror=alert(1)>,high,0
0,627,1,0,-0.5184676647186279,0.5299177169799805,0.0114500522613525,5118,5745,1,1,1,1,http://127.0.0.1/dvwa/setup.php,http://127.0.0.1/dvwa/setup.php,POST,lfi,../../../../etc/passwd,high,0
0,60,1,0,-0.5243313312530518,0.5258080959320068,0.001476764678955,4254,4314,1,1,1,1,http://127.0.0.1/dvwa/vulnerabilities/brute/,http://127.0.0.1/dvwa/vulnerabilities/brute/,GET,sqli,test' OR '1'='1,high,0
0,60,1,0,-0.5240211486816406,0.5258080959320068,0.0017869472503662,4254,4314,1,1,1,1,http://127.0.0.1/dvwa/vulnerabilities/brute/,http://127.0.0.1/dvwa/vulnerabilities/brute/,GET,sqli,' OR 1=1 -- ,high,0
0,60,1,0,-0.5231273174285889,0.5258080959320068,0.0026807785034179,4254,4314,1,1,1,1,http://127.0.0.1/dvwa/vulnerabilities/brute/,http://127.0.0.1/dvwa/vulnerabilities/brute/,GET,sqli,""" OR """"=""""",high,0
0,60,1,0,-0.5242516994476318,0.5258080959320068,0.001556396484375,4254,4314,1,1,1,1,http://127.0.0.1/dvwa/vulnerabilities/brute/,http://127.0.0.1/dvwa/vulnerabilities/brute/,GET,xss,<script>alert(1)</script>,high,0
0,60,1,0,-0.524165153503418,0.5258080959320068,0.0016429424285888,4254,4314,1,1,1,1,http://127.0.0.1/dvwa/vulnerabilities/brute/,http://127.0.0.1/dvwa/vulnerabilities/brute/,GET,xss,<img src=1 onerror=alert(1)>,high,0
0,60,1,0,-0.5237414836883545,0.5258080959320068,0.0020666122436523,4254,4314,1,1,1,1,http://127.0.0.1/dvwa/vulnerabilities/brute/,http://127.0.0.1/dvwa/vulnerabilities/brute/,GET,lfi,../../../../etc/passwd,high,0
0,181,1,0,-0.5394957065582275,0.5412740707397461,0.0017783641815185,4067,4248,1,1,1,1,http://127.0.0.1/dvwa/vulnerabilities/exec/,http://127.0.0.1/dvwa/vulnerabilities/exec/,POST,sqli,test' OR '1'='1,high,0
0,181,1,0,-0.5388462543487549,0.5412740707397461,0.0024278163909912,4067,4248,1,1,1,1,http://127.0.0.1/dvwa/vulnerabilities/exec/,http://127.0.0.1/dvwa/vulnerabilities/exec/,POST,sqli,' OR 1=1 -- ,high,0
0,181,1,0,-0.5396113395690918,0.5412740707397461,0.0016627311706542,4067,4248,1,1,1,1,http://127.0.0.1/dvwa/vulnerabilities/exec/,http://127.0.0.1/dvwa/vulnerabilities/exec/,POST,sqli,""" OR """"=""""",high,0
0,181,1,0,-0.5398149490356445,0.5412740707397461,0.0014591217041015,4067,4248,1,1,1,1,http://127.0.0.1/dvwa/vulnerabilities/exec/,http://127.0.0.1/dvwa/vulnerabilities/exec/,POST,xss,<script>alert(1)</script>,high,0
0,181,1,0,-0.5383107662200928,0.5412740707397461,0.0029633045196533,4067,4248,1,1,1,1,http://127.0.0.1/dvwa/vulnerabilities/exec/,http://127.0.0.1/dvwa/vulnerabilities/exec/,POST,xss,<img src=1 onerror=alert(1)>,high,0
0,181,1,0,-0.5395255088806152,0.5412740707397461,0.0017485618591308,4067,4248,1,1,1,1,http://127.0.0.1/dvwa/vulnerabilities/exec/,http://127.0.0.1/dvwa/vulnerabilities/exec/,POST,lfi,../../../../etc/passwd,high,0
0,256,1,0,-0.5237996578216553,0.5263993740081787,0.0025997161865234,5379,5635,1,1,1,1,http://127.0.0.1/dvwa/vulnerabilities/csrf/,http://127.0.0.1/dvwa/vulnerabilities/csrf/,GET,sqli,test' OR '1'='1,high,0
0,256,1,0,-0.5239636898040771,0.5263993740081787,0.0024356842041015,5379,5635,1,1,1,1,http://127.0.0.1/dvwa/vulnerabilities/csrf/,http://127.0.0.1/dvwa/vulnerabilities/csrf/,GET,sqli,' OR 1=1 -- ,high,0
0,256,1,0,-0.5228478908538818,0.5263993740081787,0.0035514831542968,5379,5635,1,1,1,1,http://127.0.0.1/dvwa/vulnerabilities/csrf/,http://127.0.0.1/dvwa/vulnerabilities/csrf/,GET,sqli,""" OR """"=""""",high,0
0,256,1,0,-0.523709774017334,0.5263993740081787,0.0026895999908447,5379,5635,1,1,1,1,http://127.0.0.1/dvwa/vulnerabilities/csrf/,http://127.0.0.1/dvwa/vulnerabilities/csrf/,GET,xss,<script>alert(1)</script>,high,0
0,256,1,0,-0.5241286754608154,0.5263993740081787,0.0022706985473632,5379,5635,1,1,1,1,http://127.0.0.1/dvwa/vulnerabilities/csrf/,http://127.0.0.1/dvwa/vulnerabilities/csrf/,GET,xss,<img src=1 onerror=alert(1)>,high,0
0,256,1,0,-0.5239338874816895,0.5263993740081787,0.0024654865264892,5379,5635,1,1,1,1,http://127.0.0.1/dvwa/vulnerabilities/csrf/,http://127.0.0.1/dvwa/vulnerabilities/csrf/,GET,lfi,../../../../etc/passwd,high,0
0,222,1,0,-0.517141580581665,0.5228254795074463,0.0056838989257812,3948,4170,1,1,1,1,http://127.0.0.1/dvwa/vulnerabilities/upload/,http://127.0.0.1/dvwa/vulnerabilities/upload/,POST,sqli,test' OR '1'='1,high,0
0,222,1,0,-0.5211410522460938,0.5228254795074463,0.0016844272613525,3948,4170,1,1,1,1,http://127.0.0.1/dvwa/vulnerabilities/upload/,http://127.0.0.1/dvwa/vulnerabilities/upload/,POST,sqli,' OR 1=1 -- ,high,0
0,222,1,0,-0.5195152759552002,0.5228254795074463,0.003310203552246,3948,4170,1,1,1,1,http://127.0.0.1/dvwa/vulnerabilities/upload/,http://127.0.0.1/dvwa/vulnerabilities/upload/,POST,sqli,""" OR """"=""""",high,0
0,222,1,0,-0.521113395690918,0.5228254795074463,0.0017120838165283,3948,4170,1,1,1,1,http://127.0.0.1/dvwa/vulnerabilities/upload/,http://127.0.0.1/dvwa/vulnerabilities/upload/,POST,xss,<script>alert(1)</script>,high,0
0,222,1,0,-0.520545244216919,0.5228254795074463,0.0022802352905273,3948,4170,1,1,1,1,http://127.0.0.1/dvwa/vulnerabilities/upload/,http://127.0.0.1/dvwa/vulnerabilities/upload/,POST,xss,<img src=1 onerror=alert(1)>,high,0
0,222,1,0,-0.5211637020111084,0.5228254795074463,0.0016617774963378,3948,4170,1,1,1,1,http://127.0.0.1/dvwa/vulnerabilities/upload/,http://127.0.0.1/dvwa/vulnerabilities/upload/,POST,lfi,../../../../etc/passwd,high,0
0,183,1,0,-0.5183889865875244,0.5200088024139404,0.001619815826416,4191,4374,1,1,1,1,http://127.0.0.1/dvwa/vulnerabilities/xss_r/,http://127.0.0.1/dvwa/vulnerabilities/xss_r/,GET,sqli,test' OR '1'='1,high,0
0,165,1,0,-0.5182778835296631,0.5200088024139404,0.0017309188842773,4191,4356,1,1,1,1,http://127.0.0.1/dvwa/vulnerabilities/xss_r/,http://127.0.0.1/dvwa/vulnerabilities/xss_r/,GET,sqli,' OR 1=1 -- ,high,0
0,183,1,0,-0.5181338787078857,0.5200088024139404,0.0018749237060546,4191,4374,1,1,1,1,http://127.0.0.1/dvwa/vulnerabilities/xss_r/,http://127.0.0.1/dvwa/vulnerabilities/xss_r/,GET,sqli,""" OR """"=""""",high,0
0,185,1,0,-0.5177366733551025,0.5200088024139404,0.0022721290588378,4191,4376,1,1,1,1,http://127.0.0.1/dvwa/vulnerabilities/xss_r/,http://127.0.0.1/dvwa/vulnerabilities/xss_r/,GET,xss,<script>alert(1)</script>,high,0
0,182,1,0,-0.5184216499328613,0.5200088024139404,0.0015871524810791,4191,4373,1,1,1,1,http://127.0.0.1/dvwa/vulnerabilities/xss_r/,http://127.0.0.1/dvwa/vulnerabilities/xss_r/,GET,xss,<img src=1 onerror=alert(1)>,high,0
1,170,1,0,-0.5185527801513672,0.5200088024139404,0.0014560222625732,4191,4361,1,1,1,1,http://127.0.0.1/dvwa/vulnerabilities/xss_r/,http://127.0.0.1/dvwa/vulnerabilities/xss_r/,GET,lfi,../../../../etc/passwd,high,0
0,207,1,0,-0.5273935794830322,0.5312695503234863,0.0038759708404541,4850,5057,1,1,1,1,http://127.0.0.1/dvwa/vulnerabilities/xss_s/,http://127.0.0.1/dvwa/vulnerabilities/xss_s/,POST,sqli,test' OR '1'='1,high,0
0,139,1,0,-0.5275607109069824,0.5312695503234863,0.0037088394165039,4850,4989,1,1,1,1,http://127.0.0.1/dvwa/vulnerabilities/xss_s/,http://127.0.0.1/dvwa/vulnerabilities/xss_s/,POST,sqli,' OR 1=1 -- ,high,0
0,217,1,0,-0.5238893032073975,0.5312695503234863,0.0073802471160888,4850,5067,1,1,1,1,http://127.0.0.1/dvwa/vulnerabilities/xss_s/,http://127.0.0.1/dvwa/vulnerabilities/xss_s/,POST,sqli,""" OR """"=""""",high,0
0,203,1,0,-0.525524377822876,0.5312695503234863,0.0057451725006103,4850,5053,1,1,1,1,http://127.0.0.1/dvwa/vulnerabilities/xss_s/,http://127.0.0.1/dvwa/vulnerabilities/xss_s/,POST,xss,<script>alert(1)</script>,high,0
0,181,1,0,-0.5279116630554199,0.5312695503234863,0.0033578872680664,4850,5031,1,1,1,1,http://127.0.0.1/dvwa/vulnerabilities/xss_s/,http://127.0.0.1/dvwa/vulnerabilities/xss_s/,POST,xss,<img src=1 onerror=alert(1)>,high,0
1,141,1,0,-0.5257902145385742,0.5312695503234863,0.0054793357849121,4850,4991,1,1,1,1,http://127.0.0.1/dvwa/vulnerabilities/xss_s/,http://127.0.0.1/dvwa/vulnerabilities/xss_s/,POST,lfi,../../../../etc/passwd,high,0
0,301,0,0,-0.5305354595184326,0.5320837497711182,0.0015482902526855,4291,3990,1,1,1,1,http://127.0.0.1/dvwa/vulnerabilities/javascript/,http://127.0.0.1/dvwa/vulnerabilities/javascript/,POST,sqli,test' OR '1'='1,high,0
0,301,0,0,-0.5299217700958252,0.5320837497711182,0.0021619796752929,4291,3990,1,1,1,1,http://127.0.0.1/dvwa/vulnerabilities/javascript/,http://127.0.0.1/dvwa/vulnerabilities/javascript/,POST,sqli,' OR 1=1 -- ,high,0
0,301,0,0,-0.5296995639801025,0.5320837497711182,0.0023841857910156,4291,3990,1,1,1,1,http://127.0.0.1/dvwa/vulnerabilities/javascript/,http://127.0.0.1/dvwa/vulnerabilities/javascript/,POST,sqli,""" OR """"=""""",high,0
0,301,0,0,-0.5304074287414551,0.5320837497711182,0.001676321029663,4291,3990,1,1,1,1,http://127.0.0.1/dvwa/vulnerabilities/javascript/,http://127.0.0.1/dvwa/vulnerabilities/javascript/,POST,xss,<script>alert(1)</script>,high,0
0,301,0,0,-0.5299952030181885,0.5320837497711182,0.0020885467529296,4291,3990,1,1,1,1,http://127.0.0.1/dvwa/vulnerabilities/javascript/,http://127.0.0.1/dvwa/vulnerabilities/javascript/,POST,xss,<img src=1 onerror=alert(1)>,high,0
0,301,0,0,-0.5301539897918701,0.5320837497711182,0.001929759979248,4291,3990,1,1,1,1,http://127.0.0.1/dvwa/vulnerabilities/javascript/,http://127.0.0.1/dvwa/vulnerabilities/javascript/,POST,lfi,../../../../etc/passwd,high,0
0,150,1,0,-0.5240297317504883,0.5258297920227051,0.0018000602722167,4440,4590,1,1,1,1,http://127.0.0.1/dvwa/security.php,http://127.0.0.1/dvwa/security.php,POST,sqli,test' OR '1'='1,high,0
0,150,1,0,-0.5233321189880371,0.5258297920227051,0.0024976730346679,4440,4590,1,1,1,1,http://127.0.0.1/dvwa/security.php,http://127.0.0.1/dvwa/security.php,POST,sqli,' OR 1=1 -- ,high,0
0,150,1,0,-0.5233750343322754,0.5258297920227051,0.0024547576904296,4440,4590,1,1,1,1,http://127.0.0.1/dvwa/security.php,http://127.0.0.1/dvwa/security.php,POST,sqli,""" OR """"=""""",high,0
0,150,1,0,-0.523679256439209,0.5258297920227051,0.002150535583496,4440,4590,1,1,1,1,http://127.0.0.1/dvwa/security.php,http://127.0.0.1/dvwa/security.php,POST,xss,<script>alert(1)</script>,high,0
0,150,1,0,-0.5239627361297607,0.5258297920227051,0.0018670558929443,4440,4590,1,1,1,1,http://127.0.0.1/dvwa/security.php,http://127.0.0.1/dvwa/security.php,POST,xss,<img src=1 onerror=alert(1)>,high,0
0,150,1,0,-0.5241036415100098,0.5258297920227051,0.0017261505126953,4440,4590,1,1,1,1,http://127.0.0.1/dvwa/security.php,http://127.0.0.1/dvwa/security.php,POST,lfi,../../../../etc/passwd,high,0
0,110,1,0,-0.523690938949585,0.5267703533172607,0.0030794143676757,1324,1434,0,0,0,0,http://127.0.0.1/dvwa/logout.php,http://127.0.0.1/dvwa/login.php,POST,sqli,test' OR '1'='1,high,0
0,110,1,0,-0.5234284400939941,0.5267703533172607,0.0033419132232666,1324,1434,0,0,0,0,http://127.0.0.1/dvwa/logout.php,http://127.0.0.1/dvwa/login.php,POST,sqli,' OR 1=1 -- ,high,0
0,110,1,0,-0.5231742858886719,0.5267703533172607,0.0035960674285888,1324,1434,0,0,0,0,http://127.0.0.1/dvwa/logout.php,http://127.0.0.1/dvwa/login.php,POST,sqli,""" OR """"=""""",high,0
0,110,1,0,-0.523754358291626,0.5267703533172607,0.0030159950256347,1324,1434,0,0,0,0,http://127.0.0.1/dvwa/logout.php,http://127.0.0.1/dvwa/login.php,POST,xss,<script>alert(1)</script>,high,0
0,110,1,0,-0.5232524871826172,0.5267703533172607,0.0035178661346435,1324,1434,0,0,0,0,http://127.0.0.1/dvwa/logout.php,http://127.0.0.1/dvwa/login.php,POST,xss,<img src=1 onerror=alert(1)>,high,0
0,110,1,0,-0.5225858688354492,0.5267703533172607,0.0041844844818115,1324,1434,0,0,0,0,http://127.0.0.1/dvwa/logout.php,http://127.0.0.1/dvwa/login.php,POST,lfi,../../../../etc/passwd,high,0
0,621,1,0,-0.524646520614624,0.5328149795532227,0.0081684589385986,5124,5745,1,1,1,1,http://127.0.0.1/dvwa/setup.php,http://127.0.0.1/dvwa/setup.php,POST,sqli,test' OR '1'='1,impossible,0
0,621,1,0,-0.524601936340332,0.5328149795532227,0.0082130432128906,5124,5745,1,1,1,1,http://127.0.0.1/dvwa/setup.php,http://127.0.0.1/dvwa/setup.php,POST,sqli,' OR 1=1 -- ,impossible,0
0,621,1,0,-0.522770881652832,0.5328149795532227,0.0100440979003906,5124,5745,1,1,1,1,http://127.0.0.1/dvwa/setup.php,http://127.0.0.1/dvwa/setup.php,POST,sqli,""" OR """"=""""",impossible,0
0,621,1,0,-0.5225844383239746,0.5328149795532227,0.010230541229248,5124,5745,1,1,1,1,http://127.0.0.1/dvwa/setup.php,http://127.0.0.1/dvwa/setup.php,POST,xss,<script>alert(1)</script>,impossible,0
0,621,1,0,-0.5232625007629395,0.5328149795532227,0.0095524787902832,5124,5745,1,1,1,1,http://127.0.0.1/dvwa/setup.php,http://127.0.0.1/dvwa/setup.php,POST,xss,<img src=1 onerror=alert(1)>,impossible,0
0,621,1,0,-0.5231814384460449,0.5328149795532227,0.0096335411071777,5124,5745,1,1,1,1,http://127.0.0.1/dvwa/setup.php,http://127.0.0.1/dvwa/setup.php,POST,lfi,../../../../etc/passwd,impossible,0
0,246,1,0,1.4769093990325928,0.5282917022705078,2.0052011013031006,4273,4519,1,1,1,1,http://127.0.0.1/dvwa/vulnerabilities/brute/,http://127.0.0.1/dvwa/vulnerabilities/brute/,POST,sqli,test' OR '1'='1,impossible,0
0,246,1,0,3.4771196842193604,0.5282917022705078,4.005411386489868,4273,4519,1,1,1,1,http://127.0.0.1/dvwa/vulnerabilities/brute/,http://127.0.0.1/dvwa/vulnerabilities/brute/,POST,sqli,' OR 1=1 -- ,impossible,0
0,246,1,0,1.476140022277832,0.5282917022705078,2.00443172454834,4273,4519,1,1,1,1,http://127.0.0.1/dvwa/vulnerabilities/brute/,http://127.0.0.1/dvwa/vulnerabilities/brute/,POST,sqli,""" OR """"=""""",impossible,0
0,246,1,0,3.476461172103882,0.5282917022705078,4.00475287437439,4273,4519,1,1,1,1,http://127.0.0.1/dvwa/vulnerabilities/brute/,http://127.0.0.1/dvwa/vulnerabilities/brute/,POST,xss,<script>alert(1)</script>,impossible,0
0,246,1,0,3.475855588912964,0.5282917022705078,4.004147291183472,4273,4519,1,1,1,1,http://127.0.0.1/dvwa/vulnerabilities/brute/,http://127.0.0.1/dvwa/vulnerabilities/brute/,POST,xss,<img src=1 onerror=alert(1)>,impossible,0
0,246,1,0,2.4774787425994877,0.5282917022705078,3.005770444869995,4273,4519,1,1,1,1,http://127.0.0.1/dvwa/vulnerabilities/brute/,http://127.0.0.1/dvwa/vulnerabilities/brute/,POST,lfi,../../../../etc/passwd,impossible,0
0,80,1,0,-0.5331764221191406,0.5347244739532471,0.0015480518341064,4168,4248,1,1,1,1,http://127.0.0.1/dvwa/vulnerabilities/exec/,http://127.0.0.1/dvwa/vulnerabilities/exec/,POST,sqli,test' OR '1'='1,impossible,0
0,80,1,0,-0.5331189632415771,0.5347244739532471,0.0016055107116699,4168,4248,1,1,1,1,http://127.0.0.1/dvwa/vulnerabilities/exec/,http://127.0.0.1/dvwa/vulnerabilities/exec/,POST,sqli,' OR 1=1 -- ,impossible,0
0,80,1,0,-0.5326769351959229,0.5347244739532471,0.0020475387573242,4168,4248,1,1,1,1,http://127.0.0.1/dvwa/vulnerabilities/exec/,http://127.0.0.1/dvwa/vulnerabilities/exec/,POST,sqli,""" OR """"=""""",impossible,0
0,80,1,0,-0.5320718288421631,0.5347244739532471,0.0026526451110839,4168,4248,1,1,1,1,http://127.0.0.1/dvwa/vulnerabilities/exec/,http://127.0.0.1/dvwa/vulnerabilities/exec/,POST,xss,<script>alert(1)</script>,impossible,0
0,80,1,0,-0.5328309535980225,0.5347244739532471,0.0018935203552246,4168,4248,1,1,1,1,http://127.0.0.1/dvwa/vulnerabilities/exec/,http://127.0.0.1/dvwa/vulnerabilities/exec/,POST,xss,<img src=1 onerror=alert(1)>,impossible,0
0,80,1,0,-0.5329902172088623,0.5347244739532471,0.0017342567443847,4168,4248,1,1,1,1,http://127.0.0.1/dvwa/vulnerabilities/exec/,http://127.0.0.1/dvwa/vulnerabilities/exec/,POST,lfi,../../../../etc/passwd,impossible,0
0,139,1,0,-0.55021071434021,0.552666425704956,0.002455711364746,5496,5635,1,1,1,1,http://127.0.0.1/dvwa/vulnerabilities/csrf/,http://127.0.0.1/dvwa/vulnerabilities/csrf/,GET,sqli,test' OR '1'='1,impossible,0
0,139,1,0,-0.5508549213409424,0.552666425704956,0.0018115043640136,5496,5635,1,1,1,1,http://127.0.0.1/dvwa/vulnerabilities/csrf/,http://127.0.0.1/dvwa/vulnerabilities/csrf/,GET,sqli,' OR 1=1 -- ,impossible,0
0,139,1,0,-0.5502660274505615,0.552666425704956,0.0024003982543945,5496,5635,1,1,1,1,http://127.0.0.1/dvwa/vulnerabilities/csrf/,http://127.0.0.1/dvwa/vulnerabilities/csrf/,GET,sqli,""" OR """"=""""",impossible,0
0,139,1,0,-0.5492241382598877,0.552666425704956,0.0034422874450683,5496,5635,1,1,1,1,http://127.0.0.1/dvwa/vulnerabilities/csrf/,http://127.0.0.1/dvwa/vulnerabilities/csrf/,GET,xss,<script>alert(1)</script>,impossible,0
0,139,1,0,-0.5505940914154053,0.552666425704956,0.0020723342895507,5496,5635,1,1,1,1,http://127.0.0.1/dvwa/vulnerabilities/csrf/,http://127.0.0.1/dvwa/vulnerabilities/csrf/,GET,xss,<img src=1 onerror=alert(1)>,impossible,0
0,139,1,0,-0.5509018898010254,0.552666425704956,0.0017645359039306,5496,5635,1,1,1,1,http://127.0.0.1/dvwa/vulnerabilities/csrf/,http://127.0.0.1/dvwa/vulnerabilities/csrf/,GET,lfi,../../../../etc/passwd,impossible,0
0,121,1,0,-0.5294880867004395,0.5310547351837158,0.0015666484832763,4049,4170,1,1,1,1,http://127.0.0.1/dvwa/vulnerabilities/upload/,http://127.0.0.1/dvwa/vulnerabilities/upload/,POST,sqli,test' OR '1'='1,impossible,0
0,121,1,0,-0.5292961597442627,0.5310547351837158,0.0017585754394531,4049,4170,1,1,1,1,http://127.0.0.1/dvwa/vulnerabilities/upload/,http://127.0.0.1/dvwa/vulnerabilities/upload/,POST,sqli,' OR 1=1 -- ,impossible,0
0,121,1,0,-0.5267176628112793,0.5310547351837158,0.0043370723724365,4049,4170,1,1,1,1,http://127.0.0.1/dvwa/vulnerabilities/upload/,http://127.0.0.1/dvwa/vulnerabilities/upload/,POST,sqli,""" OR """"=""""",impossible,0
0,121,1,0,-0.5294101238250732,0.5310547351837158,0.0016446113586425,4049,4170,1,1,1,1,http://127.0.0.1/dvwa/vulnerabilities/upload/,http://127.0.0.1/dvwa/vulnerabilities/upload/,POST,xss,<script>alert(1)</script>,impossible,0
0,121,1,0,-0.529456615447998,0.5310547351837158,0.0015981197357177,4049,4170,1,1,1,1,http://127.0.0.1/dvwa/vulnerabilities/upload/,http://127.0.0.1/dvwa/vulnerabilities/upload/,POST,xss,<img src=1 onerror=alert(1)>,impossible,0
0,121,1,0,-0.5293192863464355,0.5310547351837158,0.0017354488372802,4049,4170,1,1,1,1,http://127.0.0.1/dvwa/vulnerabilities/upload/,http://127.0.0.1/dvwa/vulnerabilities/upload/,POST,lfi,../../../../etc/passwd,impossible,0
0,77,1,0,-0.5307433605194092,0.5328373908996582,0.002094030380249,4208,4285,1,1,1,1,http://127.0.0.1/dvwa/vulnerabilities/sqli_blind/,http://127.0.0.1/dvwa/vulnerabilities/sqli_blind/,GET,sqli,test' OR '1'='1,impossible,0
0,77,1,0,-0.531226634979248,0.5328373908996582,0.0016107559204101,4208,4285,1,1,1,1,http://127.0.0.1/dvwa/vulnerabilities/sqli_blind/,http://127.0.0.1/dvwa/vulnerabilities/sqli_blind/,GET,sqli,' OR 1=1 -- ,impossible,0
0,77,1,0,-0.531104326248169,0.5328373908996582,0.0017330646514892,4208,4285,1,1,1,1,http://127.0.0.1/dvwa/vulnerabilities/sqli_blind/,http://127.0.0.1/dvwa/vulnerabilities/sqli_blind/,GET,sqli,""" OR """"=""""",impossible,0
0,77,1,0,-0.5312683582305908,0.5328373908996582,0.0015690326690673,4208,4285,1,1,1,1,http://127.0.0.1/dvwa/vulnerabilities/sqli_blind/,http://127.0.0.1/dvwa/vulnerabilities/sqli_blind/,GET,xss,<script>alert(1)</script>,impossible,0
0,77,1,0,-0.5312573909759521,0.5328373908996582,0.001579999923706,4208,4285,1,1,1,1,http://127.0.0.1/dvwa/vulnerabilities/sqli_blind/,http://127.0.0.1/dvwa/vulnerabilities/sqli_blind/,GET,xss,<img src=1 onerror=alert(1)>,impossible,0
0,77,1,0,-0.5312957763671875,0.5328373908996582,0.0015416145324707,4208,4285,1,1,1,1,http://127.0.0.1/dvwa/vulnerabilities/sqli_blind/,http://127.0.0.1/dvwa/vulnerabilities/sqli_blind/,GET,lfi,../../../../etc/passwd,impossible,0
0,118,0,0,-0.5296459197998047,0.5321693420410156,0.0025234222412109,4742,4624,1,1,1,1,http://127.0.0.1/dvwa/vulnerabilities/xss_d/,http://127.0.0.1/dvwa/vulnerabilities/xss_d/,GET,sqli,test' OR '1'='1,impossible,0
0,118,0,0,-0.5306146144866943,0.5321693420410156,0.0015547275543212,4742,4624,1,1,1,1,http://127.0.0.1/dvwa/vulnerabilities/xss_d/,http://127.0.0.1/dvwa/vulnerabilities/xss_d/,GET,sqli,' OR 1=1 -- ,impossible,0
0,118,0,0,-0.5302979946136475,0.5321693420410156,0.0018713474273681,4742,4624,1,1,1,1,http://127.0.0.1/dvwa/vulnerabilities/xss_d/,http://127.0.0.1/dvwa/vulnerabilities/xss_d/,GET,sqli,""" OR """"=""""",impossible,0
0,118,0,0,-0.5300016403198242,0.5321693420410156,0.0021677017211914,4742,4624,1,1,1,1,http://127.0.0.1/dvwa/vulnerabilities/xss_d/,http://127.0.0.1/dvwa/vulnerabilities/xss_d/,GET,xss,<script>alert(1)</script>,impossible,0
0,118,0,0,-0.5304586887359619,0.5321693420410156,0.0017106533050537,4742,4624,1,1,1,1,http://127.0.0.1/dvwa/vulnerabilities/xss_d/,http://127.0.0.1/dvwa/vulnerabilities/xss_d/,GET,xss,<img src=1 onerror=alert(1)>,impossible,0
0,118,0,0,-0.5296611785888672,0.5321693420410156,0.0025081634521484,4742,4624,1,1,1,1,http://127.0.0.1/dvwa/vulnerabilities/xss_d/,http://127.0.0.1/dvwa/vulnerabilities/xss_d/,GET,lfi,../../../../etc/passwd,impossible,0
0,82,1,0,-0.5305266380310059,0.5321712493896484,0.0016446113586425,4292,4374,1,1,1,1,http://127.0.0.1/dvwa/vulnerabilities/xss_r/,http://127.0.0.1/dvwa/vulnerabilities/xss_r/,GET,sqli,test' OR '1'='1,impossible,0
0,64,1,0,-0.5305359363555908,0.5321712493896484,0.0016353130340576,4292,4356,1,1,1,1,http://127.0.0.1/dvwa/vulnerabilities/xss_r/,http://127.0.0.1/dvwa/vulnerabilities/xss_r/,GET,sqli,' OR 1=1 -- ,impossible,0
0,82,1,0,-0.5303459167480469,0.5321712493896484,0.0018253326416015,4292,4374,1,1,1,1,http://127.0.0.1/dvwa/vulnerabilities/xss_r/,http://127.0.0.1/dvwa/vulnerabilities/xss_r/,GET,sqli,""" OR """"=""""",impossible,0
0,84,1,0,-0.5300989151000977,0.5321712493896484,0.0020723342895507,4292,4376,1,1,1,1,http://127.0.0.1/dvwa/vulnerabilities/xss_r/,http://127.0.0.1/dvwa/vulnerabilities/xss_r/,GET,xss,<script>alert(1)</script>,impossible,0
0,81,1,0,-0.5303647518157959,0.5321712493896484,0.0018064975738525,4292,4373,1,1,1,1,http://127.0.0.1/dvwa/vulnerabilities/xss_r/,http://127.0.0.1/dvwa/vulnerabilities/xss_r/,GET,xss,<img src=1 onerror=alert(1)>,impossible,0
1,69,1,0,-0.5307164192199707,0.5321712493896484,0.0014548301696777,4292,4361,1,1,1,1,http://127.0.0.1/dvwa/vulnerabilities/xss_r/,http://127.0.0.1/dvwa/vulnerabilities/xss_r/,GET,lfi,../../../../etc/passwd,impossible,0
0,106,1,0,-0.524432897567749,0.5287511348724365,0.0043182373046875,4951,5057,1,1,1,1,http://127.0.0.1/dvwa/vulnerabilities/xss_s/,http://127.0.0.1/dvwa/vulnerabilities/xss_s/,POST,sqli,test' OR '1'='1,impossible,0
0,38,1,0,-0.5233330726623535,0.5287511348724365,0.005418062210083,4951,4989,1,1,1,1,http://127.0.0.1/dvwa/vulnerabilities/xss_s/,http://127.0.0.1/dvwa/vulnerabilities/xss_s/,POST,sqli,' OR 1=1 -- ,impossible,0
0,116,1,0,-0.5229344367980957,0.5287511348724365,0.0058166980743408,4951,5067,1,1,1,1,http://127.0.0.1/dvwa/vulnerabilities/xss_s/,http://127.0.0.1/dvwa/vulnerabilities/xss_s/,POST,sqli,""" OR """"=""""",impossible,0
0,102,1,0,-0.5248732566833496,0.5287511348724365,0.0038778781890869,4951,5053,1,1,1,1,http://127.0.0.1/dvwa/vulnerabilities/xss_s/,http://127.0.0.1/dvwa/vulnerabilities/xss_s/,POST,xss,<script>alert(1)</script>,impossible,0
0,80,1,0,-0.525458574295044,0.5287511348724365,0.0032925605773925,4951,5031,1,1,1,1,http://127.0.0.1/dvwa/vulnerabilities/xss_s/,http://127.0.0.1/dvwa/vulnerabilities/xss_s/,POST,xss,<img src=1 onerror=alert(1)>,impossible,0
1,40,1,0,-0.5253651142120361,0.5287511348724365,0.0033860206604003,4951,4991,1,1,1,1,http://127.0.0.1/dvwa/vulnerabilities/xss_s/,http://127.0.0.1/dvwa/vulnerabilities/xss_s/,POST,lfi,../../../../etc/passwd,impossible,0
0,138,1,0,-0.5331454277038574,0.5352978706359863,0.0021524429321289,4452,4590,1,1,1,1,http://127.0.0.1/dvwa/security.php,http://127.0.0.1/dvwa/security.php,POST,sqli,test' OR '1'='1,impossible,0
0,138,1,0,-0.5330286026000977,0.5352978706359863,0.0022692680358886,4452,4590,1,1,1,1,http://127.0.0.1/dvwa/security.php,http://127.0.0.1/dvwa/security.php,POST,sqli,' OR 1=1 -- ,impossible,0
0,138,1,0,-0.5323634147644043,0.5352978706359863,0.002934455871582,4452,4590,1,1,1,1,http://127.0.0.1/dvwa/security.php,http://127.0.0.1/dvwa/security.php,POST,sqli,""" OR """"=""""",impossible,0
0,138,1,0,-0.5324652194976807,0.5352978706359863,0.0028326511383056,4452,4590,1,1,1,1,http://127.0.0.1/dvwa/security.php,http://127.0.0.1/dvwa/security.php,POST,xss,<script>alert(1)</script>,impossible,0
0,138,1,0,-0.5325641632080078,0.5352978706359863,0.0027337074279785,4452,4590,1,1,1,1,http://127.0.0.1/dvwa/security.php,http://127.0.0.1/dvwa/security.php,POST,xss,<img src=1 onerror=alert(1)>,impossible,0
0,138,1,0,-0.5321717262268066,0.5352978706359863,0.0031261444091796,4452,4590,1,1,1,1,http://127.0.0.1/dvwa/security.php,http://127.0.0.1/dvwa/security.php,POST,lfi,../../../../etc/passwd,impossible,0
0,110,1,0,-0.527090311050415,0.5309925079345703,0.0039021968841552,1324,1434,0,0,0,0,http://127.0.0.1/dvwa/logout.php,http://127.0.0.1/dvwa/login.php,POST,sqli,test' OR '1'='1,impossible,0
0,110,1,0,-0.5278983116149902,0.5309925079345703,0.00309419631958,1324,1434,0,0,0,0,http://127.0.0.1/dvwa/logout.php,http://127.0.0.1/dvwa/login.php,POST,sqli,' OR 1=1 -- ,impossible,0
0,110,1,0,-0.5268445014953613,0.5309925079345703,0.0041480064392089,1324,1434,0,0,0,0,http://127.0.0.1/dvwa/logout.php,http://127.0.0.1/dvwa/login.php,POST,sqli,""" OR """"=""""",impossible,0
0,110,1,0,-0.5278651714324951,0.5309925079345703,0.0031273365020751,1324,1434,0,0,0,0,http://127.0.0.1/dvwa/logout.php,http://127.0.0.1/dvwa/login.php,POST,xss,<script>alert(1)</script>,impossible,0
0,110,1,0,-0.5282077789306641,0.5309925079345703,0.0027847290039062,1324,1434,0,0,0,0,http://127.0.0.1/dvwa/logout.php,http://127.0.0.1/dvwa/login.php,POST,xss,<img src=1 onerror=alert(1)>,impossible,0
0,110,1,0,-0.5272588729858398,0.5309925079345703,0.0037336349487304,1324,1434,0,0,0,0,http://127.0.0.1/dvwa/logout.php,http://127.0.0.1/dvwa/login.php,POST,lfi,../../../../etc/passwd,impossible,0
